{
  "id": "",
  "name": "",
  "font_family": "iconfont",
  "css_prefix_text": "icon-",
  "description": "",
  "glyphs": [
    {
      "icon_id": "278744",
      "name": "下箭头",
      "font_class": "xiajiantou",
      "unicode": "e6cc",
      "unicode_decimal": 59084
    },
    {
      "icon_id": "584245",
      "name": "搜索",
      "font_class": "iconfonticonfontsousuo1",
      "unicode": "e62f",
      "unicode_decimal": 58927
    },
    {
      "icon_id": "643793",
      "name": "安全",
      "font_class": "17",
      "unicode": "e60f",
      "unicode_decimal": 58895
    },
    {
      "icon_id": "683404",
      "name": "积分",
      "font_class": "jifen",
      "unicode": "e61a",
      "unicode_decimal": 58906
    },
    {
      "icon_id": "692442",
      "name": "v",
      "font_class": "v",
      "unicode": "e653",
      "unicode_decimal": 58963
    },
    {
      "icon_id": "874305",
      "name": "首页",
      "font_class": "shouye",
      "unicode": "e665",
      "unicode_decimal": 58981
    },
    {
      "icon_id": "1092140",
      "name": "关闭",
      "font_class": "guanbi",
      "unicode": "e62b",
      "unicode_decimal": 58923
    },
    {
      "icon_id": "1130515",
      "name": "评论",
      "font_class": "comment",
      "unicode": "e64c",
      "unicode_decimal": 58956
    },
    {
      "icon_id": "1279034",
      "name": "基金",
      "font_class": "jijin",
      "unicode": "e61b",
      "unicode_decimal": 58907
    },
    {
      "icon_id": "1985085",
      "name": "点赞",
      "font_class": "dianzan",
      "unicode": "e65c",
      "unicode_decimal": 58972
    },
    {
      "icon_id": "5532878",
      "name": "动态提醒",
      "font_class": "dongtaitixing",
      "unicode": "e620",
      "unicode_decimal": 58912
    },
    {
      "icon_id": "5809212",
      "name": "我的",
      "font_class": "wode",
      "unicode": "e699",
      "unicode_decimal": 59033
    },
    {
      "icon_id": "6512625",
      "name": "账号",
      "font_class": "zhanghao",
      "unicode": "e678",
      "unicode_decimal": 59000
    },
    {
      "icon_id": "6540379",
      "name": "草稿箱",
      "font_class": "caogaoxiang",
      "unicode": "e603",
      "unicode_decimal": 58883
    },
    {
      "icon_id": "7055646",
      "name": "消息",
      "font_class": "xiaoxi",
      "unicode": "e72c",
      "unicode_decimal": 59180
    },
    {
      "icon_id": "7629072",
      "name": "收藏",
      "font_class": "shoucang",
      "unicode": "e6bb",
      "unicode_decimal": 59067
    },
    {
      "icon_id": "7708039",
      "name": "分享",
      "font_class": "fenxiang",
      "unicode": "e61f",
      "unicode_decimal": 58911
    },
    {
      "icon_id": "11344407",
      "name": "私信",
      "font_class": "sixin",
      "unicode": "e628",
      "unicode_decimal": 58920
    }
  ]
}
