{
  "id": "",
  "name": "",
  "font_family": "iconfont",
  "css_prefix_text": "icon-",
  "description": "",
  "glyphs": [
    {
      "icon_id": "544421",
      "name": "at",
      "font_class": "at",
      "unicode": "e6e5",
      "unicode_decimal": 59109
    },
    {
      "icon_id": "692442",
      "name": "v",
      "font_class": "v",
      "unicode": "e653",
      "unicode_decimal": 58963
    },
    {
      "icon_id": "1220357",
      "name": "sousuo",
      "font_class": "weibiaoti10",
      "unicode": "e615",
      "unicode_decimal": 58901
    },
    {
      "icon_id": "1316831",
      "name": "gou_ico",
      "font_class": "gou_ico",
      "unicode": "e671",
      "unicode_decimal": 58993
    },
    {
      "icon_id": "3874051",
      "name": "相机",
      "font_class": "xiangji",
      "unicode": "e63a",
      "unicode_decimal": 58938
    },
    {
      "icon_id": "4503668",
      "name": "down",
      "font_class": "down",
      "unicode": "e6c3",
      "unicode_decimal": 59075
    },
    {
      "icon_id": "4503681",
      "name": "left",
      "font_class": "left",
      "unicode": "e6cb",
      "unicode_decimal": 59083
    },
    {
      "icon_id": "9458118",
      "name": "分享",
      "font_class": "tubiao-",
      "unicode": "e627",
      "unicode_decimal": 58919
    },
    {
      "icon_id": "9648378",
      "name": "User",
      "font_class": "User",
      "unicode": "e716",
      "unicode_decimal": 59158
    },
    {
      "icon_id": "10392609",
      "name": "短信",
      "font_class": "duanxin",
      "unicode": "e603",
      "unicode_decimal": 58883
    },
    {
      "icon_id": "10452209",
      "name": "bianji",
      "font_class": "bianji",
      "unicode": "e685",
      "unicode_decimal": 59013
    },
    {
      "icon_id": "10452276",
      "name": "zang",
      "font_class": "zang",
      "unicode": "e68f",
      "unicode_decimal": 59023
    }
  ]
}
